<?xml version="1.0" encoding="UTF-8"?>
<beans xmlns="http://www.springframework.org/schema/beans"
	xmlns:xsi="http://www.w3.org/2001/XMLSchema-instance"
	xmlns:context="http://www.springframework.org/schema/context"
	xmlns:mybatis-spring="http://mybatis.org/schema/mybatis-spring"
	xsi:schemaLocation="http://mybatis.org/schema/mybatis-spring http://mybatis.org/schema/mybatis-spring-1.2.xsd
		http://www.springframework.org/schema/beans https://www.springframework.org/schema/beans/spring-beans.xsd
		http://www.springframework.org/schema/context http://www.springframework.org/schema/context/spring-context-4.3.xsd">
	
	<!-- Root Context: defines shared resources visible to all other web components -->
		
		<bean id="dataSource"
		class="com.mchange.v2.c3p0.ComboPooledDataSource"
		destroy-method="close">

		<property name="driverClass"
			value="oracle.jdbc.driver.OracleDriver" />
		<property name="jdbcUrl"
			value="jdbc:oracle:thin:@221.164.9.200:1522:xe" />
		<property name="user" value="c##yeji" />
		<property name="password" value="30" />
		<property name="maxPoolSize" value="100" />
		<property name="maxIdleTime" value="600" />
		<property name="idleConnectionTestPeriod" value="300" />
	</bean>
	
	<bean id="sqlSessionFactory"
		class="org.mybatis.spring.SqlSessionFactoryBean">
		<property name="dataSource" ref="dataSource" />
	</bean>

	<bean id="sqlSessionTemplate"
		class="org.mybatis.spring.SqlSessionTemplate"
		destroy-method="clearCache">
		<constructor-arg ref="sqlSessionFactory" />
	</bean>
		

	<bean id="multipartResolver"
		  class="org.springframework.web.multipart.commons.CommonsMultipartResolver">
		  
		  <property name="maxUploadSize" value="10485760" />
		  <property name="maxInMemorySize" value="10485760" />
		  <property name="defaultEncoding" value="utf-8" />
		  
	</bean>	 
		<mybatis-spring:scan base-package="com.Bydin.member" />
		<mybatis-spring:scan base-package="com.Bydin.admin" />
		<mybatis-spring:scan base-package="com.Bydin.Ajax" />
		<mybatis-spring:scan base-package="com.Bydin.board" />
		<mybatis-spring:scan base-package="com.Bydin.item" />
		<context:component-scan base-package="com.Bydin.Service"/>
		<context:component-scan base-package="com.Bydin.admin"/>
		<context:component-scan base-package="com.Bydin.Ajax"/>
		<context:component-scan base-package="com.Bydin.member"/>
		
</beans>
